[{"created_at":"Sat May 05 23:22:58 +0000 2012","id":198915723429552128,"id_str":"198915723429552128","text":"+33601781055 : Vai m coucher\nmerci","source":"\u003ca href=\"http:\/\/twittercounter.com\" rel=\"nofollow\"\u003eThe Visitor Widget\u003c\/a\u003e","truncated":false,"in_reply_to_status_id":null,"in_reply_to_status_id_str":null,"in_reply_to_user_id":null,"in_reply_to_user_id_str":null,"in_reply_to_screen_name":null,"user":{"id":494225076,"id_str":"494225076","name":"FL","screen_name":"Figlib","location":"","description":"","url":null,"protected":false,"followers_count":0,"friends_count":0,"listed_count":0,"created_at":"Thu Feb 16 17:21:22 +0000 2012","favourites_count":0,"utc_offset":3600,"time_zone":"Amsterdam","geo_enabled":false,"verified":false,"statuses_count":271,"lang":"fr","contributors_enabled":false,"is_translator":false,"profile_background_color":"131516","profile_background_image_url":"http:\/\/a0.twimg.com\/profile_background_images\/496094001\/mozaicc.jpg","profile_background_image_url_https":"https:\/\/si0.twimg.com\/profile_background_images\/496094001\/mozaicc.jpg","profile_background_tile":true,"profile_image_url":"http:\/\/a0.twimg.com\/profile_images\/2042298627\/mozaic_normal.png","profile_image_url_https":"https:\/\/si0.twimg.com\/profile_images\/2042298627\/mozaic_normal.png","profile_link_color":"181499","profile_sidebar_border_color":"EEEEEE","profile_sidebar_fill_color":"EFEFEF","profile_text_color":"333333","profile_use_background_image":true,"show_all_inline_media":false,"default_profile":false,"default_profile_image":false,"following":null,"follow_request_sent":null,"notifications":null},"geo":null,"coordinates":null,"place":null,"contributors":null,"retweet_count":0,"favorited":false,"retweeted":false},{"created_at":"Sat May 05 21:30:34 +0000 2012","id":198887436443594752,"id_str":"198887436443594752","text":"+33628914221 : Messages d'un messager du pass\u00e9","source":"\u003ca href=\"http:\/\/twittercounter.com\" rel=\"nofollow\"\u003eThe Visitor Widget\u003c\/a\u003e","truncated":false,"in_reply_to_status_id":null,"in_reply_to_status_id_str":null,"in_reply_to_user_id":null,"in_reply_to_user_id_str":null,"in_reply_to_screen_name":null,"user":{"id":494225076,"id_str":"494225076","name":"FL","screen_name":"Figlib","location":"","description":"","url":null,"protected":false,"followers_count":0,"friends_count":0,"listed_count":0,"created_at":"Thu Feb 16 17:21:22 +0000 2012","favourites_count":0,"utc_offset":3600,"time_zone":"Amsterdam","geo_enabled":false,"verified":false,"statuses_count":271,"lang":"fr","contributors_enabled":false,"is_translator":false,"profile_background_color":"131516","profile_background_image_url":"http:\/\/a0.twimg.com\/profile_background_images\/496094001\/mozaicc.jpg","profile_background_image_url_https":"https:\/\/si0.twimg.com\/profile_background_images\/496094001\/mozaicc.jpg","profile_background_tile":true,"profile_image_url":"http:\/\/a0.twimg.com\/profile_images\/2042298627\/mozaic_normal.png","profile_image_url_https":"https:\/\/si0.twimg.com\/profile_images\/2042298627\/mozaic_normal.png","profile_link_color":"181499","profile_sidebar_border_color":"EEEEEE","profile_sidebar_fill_color":"EFEFEF","profile_text_color":"333333","profile_use_background_image":true,"show_all_inline_media":false,"default_profile":false,"default_profile_image":false,"following":null,"follow_request_sent":null,"notifications":null},"geo":null,"coordinates":null,"place":null,"contributors":null,"retweet_count":0,"favorited":false,"retweeted":false},{"created_at":"Sat May 05 21:30:31 +0000 2012","id":198887424007475200,"id_str":"198887424007475200","text":"+33635224506 : Nique la police!!","source":"\u003ca href=\"http:\/\/twittercounter.com\" rel=\"nofollow\"\u003eThe Visitor Widget\u003c\/a\u003e","truncated":false,"in_reply_to_status_id":null,"in_reply_to_status_id_str":null,"in_reply_to_user_id":null,"in_reply_to_user_id_str":null,"in_reply_to_screen_name":null,"user":{"id":494225076,"id_str":"494225076","name":"FL","screen_name":"Figlib","location":"","description":"","url":null,"protected":false,"followers_count":0,"friends_count":0,"listed_count":0,"created_at":"Thu Feb 16 17:21:22 +0000 2012","favourites_count":0,"utc_offset":3600,"time_zone":"Amsterdam","geo_enabled":false,"verified":false,"statuses_count":271,"lang":"fr","contributors_enabled":false,"is_translator":false,"profile_background_color":"131516","profile_background_image_url":"http:\/\/a0.twimg.com\/profile_background_images\/496094001\/mozaicc.jpg","profile_background_image_url_https":"https:\/\/si0.twimg.com\/profile_background_images\/496094001\/mozaicc.jpg","profile_background_tile":true,"profile_image_url":"http:\/\/a0.twimg.com\/profile_images\/2042298627\/mozaic_normal.png","profile_image_url_https":"https:\/\/si0.twimg.com\/profile_images\/2042298627\/mozaic_normal.png","profile_link_color":"181499","profile_sidebar_border_color":"EEEEEE","profile_sidebar_fill_color":"EFEFEF","profile_text_color":"333333","profile_use_background_image":true,"show_all_inline_media":false,"default_profile":false,"default_profile_image":false,"following":null,"follow_request_sent":null,"notifications":null},"geo":null,"coordinates":null,"place":null,"contributors":null,"retweet_count":0,"favorited":false,"retweeted":false},{"created_at":"Sat May 05 21:30:28 +0000 2012","id":198887408694079488,"id_str":"198887408694079488","text":"+33627817871 : Huuuu\u00f9","source":"\u003ca href=\"http:\/\/twittercounter.com\" rel=\"nofollow\"\u003eThe Visitor Widget\u003c\/a\u003e","truncated":false,"in_reply_to_status_id":null,"in_reply_to_status_id_str":null,"in_reply_to_user_id":null,"in_reply_to_user_id_str":null,"in_reply_to_screen_name":null,"user":{"id":494225076,"id_str":"494225076","name":"FL","screen_name":"Figlib","location":"","description":"","url":null,"protected":false,"followers_count":0,"friends_count":0,"listed_count":0,"created_at":"Thu Feb 16 17:21:22 +0000 2012","favourites_count":0,"utc_offset":3600,"time_zone":"Amsterdam","geo_enabled":false,"verified":false,"statuses_count":271,"lang":"fr","contributors_enabled":false,"is_translator":false,"profile_background_color":"131516","profile_background_image_url":"http:\/\/a0.twimg.com\/profile_background_images\/496094001\/mozaicc.jpg","profile_background_image_url_https":"https:\/\/si0.twimg.com\/profile_background_images\/496094001\/mozaicc.jpg","profile_background_tile":true,"profile_image_url":"http:\/\/a0.twimg.com\/profile_images\/2042298627\/mozaic_normal.png","profile_image_url_https":"https:\/\/si0.twimg.com\/profile_images\/2042298627\/mozaic_normal.png","profile_link_color":"181499","profile_sidebar_border_color":"EEEEEE","profile_sidebar_fill_color":"EFEFEF","profile_text_color":"333333","profile_use_background_image":true,"show_all_inline_media":false,"default_profile":false,"default_profile_image":false,"following":null,"follow_request_sent":null,"notifications":null},"geo":null,"coordinates":null,"place":null,"contributors":null,"retweet_count":0,"favorited":false,"retweeted":false},{"created_at":"Sat May 05 21:30:24 +0000 2012","id":198887394156617729,"id_str":"198887394156617729","text":"+33620034111 : Repoondez mou","source":"\u003ca href=\"http:\/\/twittercounter.com\" rel=\"nofollow\"\u003eThe Visitor Widget\u003c\/a\u003e","truncated":false,"in_reply_to_status_id":null,"in_reply_to_status_id_str":null,"in_reply_to_user_id":null,"in_reply_to_user_id_str":null,"in_reply_to_screen_name":null,"user":{"id":494225076,"id_str":"494225076","name":"FL","screen_name":"Figlib","location":"","description":"","url":null,"protected":false,"followers_count":0,"friends_count":0,"listed_count":0,"created_at":"Thu Feb 16 17:21:22 +0000 2012","favourites_count":0,"utc_offset":3600,"time_zone":"Amsterdam","geo_enabled":false,"verified":false,"statuses_count":271,"lang":"fr","contributors_enabled":false,"is_translator":false,"profile_background_color":"131516","profile_background_image_url":"http:\/\/a0.twimg.com\/profile_background_images\/496094001\/mozaicc.jpg","profile_background_image_url_https":"https:\/\/si0.twimg.com\/profile_background_images\/496094001\/mozaicc.jpg","profile_background_tile":true,"profile_image_url":"http:\/\/a0.twimg.com\/profile_images\/2042298627\/mozaic_normal.png","profile_image_url_https":"https:\/\/si0.twimg.com\/profile_images\/2042298627\/mozaic_normal.png","profile_link_color":"181499","profile_sidebar_border_color":"EEEEEE","profile_sidebar_fill_color":"EFEFEF","profile_text_color":"333333","profile_use_background_image":true,"show_all_inline_media":false,"default_profile":false,"default_profile_image":false,"following":null,"follow_request_sent":null,"notifications":null},"geo":null,"coordinates":null,"place":null,"contributors":null,"retweet_count":0,"favorited":false,"retweeted":false},{"created_at":"Sat May 05 21:30:20 +0000 2012","id":198887376951574528,"id_str":"198887376951574528","text":"+33687370278 : Retrouvons la parole!","source":"\u003ca href=\"http:\/\/twittercounter.com\" rel=\"nofollow\"\u003eThe Visitor Widget\u003c\/a\u003e","truncated":false,"in_reply_to_status_id":null,"in_reply_to_status_id_str":null,"in_reply_to_user_id":null,"in_reply_to_user_id_str":null,"in_reply_to_screen_name":null,"user":{"id":494225076,"id_str":"494225076","name":"FL","screen_name":"Figlib","location":"","description":"","url":null,"protected":false,"followers_count":0,"friends_count":0,"listed_count":0,"created_at":"Thu Feb 16 17:21:22 +0000 2012","favourites_count":0,"utc_offset":3600,"time_zone":"Amsterdam","geo_enabled":false,"verified":false,"statuses_count":271,"lang":"fr","contributors_enabled":false,"is_translator":false,"profile_background_color":"131516","profile_background_image_url":"http:\/\/a0.twimg.com\/profile_background_images\/496094001\/mozaicc.jpg","profile_background_image_url_https":"https:\/\/si0.twimg.com\/profile_background_images\/496094001\/mozaicc.jpg","profile_background_tile":true,"profile_image_url":"http:\/\/a0.twimg.com\/profile_images\/2042298627\/mozaic_normal.png","profile_image_url_https":"https:\/\/si0.twimg.com\/profile_images\/2042298627\/mozaic_normal.png","profile_link_color":"181499","profile_sidebar_border_color":"EEEEEE","profile_sidebar_fill_color":"EFEFEF","profile_text_color":"333333","profile_use_background_image":true,"show_all_inline_media":false,"default_profile":false,"default_profile_image":false,"following":null,"follow_request_sent":null,"notifications":null},"geo":null,"coordinates":null,"place":null,"contributors":null,"retweet_count":0,"favorited":false,"retweeted":false},{"created_at":"Sat May 05 21:30:16 +0000 2012","id":198887362196021248,"id_str":"198887362196021248","text":"+33631397128 : Je suis la aussi!","source":"\u003ca href=\"http:\/\/twittercounter.com\" rel=\"nofollow\"\u003eThe Visitor Widget\u003c\/a\u003e","truncated":false,"in_reply_to_status_id":null,"in_reply_to_status_id_str":null,"in_reply_to_user_id":null,"in_reply_to_user_id_str":null,"in_reply_to_screen_name":null,"user":{"id":494225076,"id_str":"494225076","name":"FL","screen_name":"Figlib","location":"","description":"","url":null,"protected":false,"followers_count":0,"friends_count":0,"listed_count":0,"created_at":"Thu Feb 16 17:21:22 +0000 2012","favourites_count":0,"utc_offset":3600,"time_zone":"Amsterdam","geo_enabled":false,"verified":false,"statuses_count":271,"lang":"fr","contributors_enabled":false,"is_translator":false,"profile_background_color":"131516","profile_background_image_url":"http:\/\/a0.twimg.com\/profile_background_images\/496094001\/mozaicc.jpg","profile_background_image_url_https":"https:\/\/si0.twimg.com\/profile_background_images\/496094001\/mozaicc.jpg","profile_background_tile":true,"profile_image_url":"http:\/\/a0.twimg.com\/profile_images\/2042298627\/mozaic_normal.png","profile_image_url_https":"https:\/\/si0.twimg.com\/profile_images\/2042298627\/mozaic_normal.png","profile_link_color":"181499","profile_sidebar_border_color":"EEEEEE","profile_sidebar_fill_color":"EFEFEF","profile_text_color":"333333","profile_use_background_image":true,"show_all_inline_media":false,"default_profile":false,"default_profile_image":false,"following":null,"follow_request_sent":null,"notifications":null},"geo":null,"coordinates":null,"place":null,"contributors":null,"retweet_count":0,"favorited":false,"retweeted":false},{"created_at":"Sat May 05 21:30:12 +0000 2012","id":198887341681680387,"id_str":"198887341681680387","text":"+33648270235 : Je vous aime!","source":"\u003ca href=\"http:\/\/twittercounter.com\" rel=\"nofollow\"\u003eThe Visitor Widget\u003c\/a\u003e","truncated":false,"in_reply_to_status_id":null,"in_reply_to_status_id_str":null,"in_reply_to_user_id":null,"in_reply_to_user_id_str":null,"in_reply_to_screen_name":null,"user":{"id":494225076,"id_str":"494225076","name":"FL","screen_name":"Figlib","location":"","description":"","url":null,"protected":false,"followers_count":0,"friends_count":0,"listed_count":0,"created_at":"Thu Feb 16 17:21:22 +0000 2012","favourites_count":0,"utc_offset":3600,"time_zone":"Amsterdam","geo_enabled":false,"verified":false,"statuses_count":271,"lang":"fr","contributors_enabled":false,"is_translator":false,"profile_background_color":"131516","profile_background_image_url":"http:\/\/a0.twimg.com\/profile_background_images\/496094001\/mozaicc.jpg","profile_background_image_url_https":"https:\/\/si0.twimg.com\/profile_background_images\/496094001\/mozaicc.jpg","profile_background_tile":true,"profile_image_url":"http:\/\/a0.twimg.com\/profile_images\/2042298627\/mozaic_normal.png","profile_image_url_https":"https:\/\/si0.twimg.com\/profile_images\/2042298627\/mozaic_normal.png","profile_link_color":"181499","profile_sidebar_border_color":"EEEEEE","profile_sidebar_fill_color":"EFEFEF","profile_text_color":"333333","profile_use_background_image":true,"show_all_inline_media":false,"default_profile":false,"default_profile_image":false,"following":null,"follow_request_sent":null,"notifications":null},"geo":null,"coordinates":null,"place":null,"contributors":null,"retweet_count":0,"favorited":false,"retweeted":false},{"created_at":"Sat May 05 21:30:07 +0000 2012","id":198887322517901314,"id_str":"198887322517901314","text":"+33664978032 : Merci !","source":"\u003ca href=\"http:\/\/twittercounter.com\" rel=\"nofollow\"\u003eThe Visitor Widget\u003c\/a\u003e","truncated":false,"in_reply_to_status_id":null,"in_reply_to_status_id_str":null,"in_reply_to_user_id":null,"in_reply_to_user_id_str":null,"in_reply_to_screen_name":null,"user":{"id":494225076,"id_str":"494225076","name":"FL","screen_name":"Figlib","location":"","description":"","url":null,"protected":false,"followers_count":0,"friends_count":0,"listed_count":0,"created_at":"Thu Feb 16 17:21:22 +0000 2012","favourites_count":0,"utc_offset":3600,"time_zone":"Amsterdam","geo_enabled":false,"verified":false,"statuses_count":271,"lang":"fr","contributors_enabled":false,"is_translator":false,"profile_background_color":"131516","profile_background_image_url":"http:\/\/a0.twimg.com\/profile_background_images\/496094001\/mozaicc.jpg","profile_background_image_url_https":"https:\/\/si0.twimg.com\/profile_background_images\/496094001\/mozaicc.jpg","profile_background_tile":true,"profile_image_url":"http:\/\/a0.twimg.com\/profile_images\/2042298627\/mozaic_normal.png","profile_image_url_https":"https:\/\/si0.twimg.com\/profile_images\/2042298627\/mozaic_normal.png","profile_link_color":"181499","profile_sidebar_border_color":"EEEEEE","profile_sidebar_fill_color":"EFEFEF","profile_text_color":"333333","profile_use_background_image":true,"show_all_inline_media":false,"default_profile":false,"default_profile_image":false,"following":null,"follow_request_sent":null,"notifications":null},"geo":null,"coordinates":null,"place":null,"contributors":null,"retweet_count":0,"favorited":false,"retweeted":false},{"created_at":"Sat May 05 21:30:02 +0000 2012","id":198887299503755264,"id_str":"198887299503755264","text":"+33681160298 : Je t'aime petite","source":"\u003ca href=\"http:\/\/twittercounter.com\" rel=\"nofollow\"\u003eThe Visitor Widget\u003c\/a\u003e","truncated":false,"in_reply_to_status_id":null,"in_reply_to_status_id_str":null,"in_reply_to_user_id":null,"in_reply_to_user_id_str":null,"in_reply_to_screen_name":null,"user":{"id":494225076,"id_str":"494225076","name":"FL","screen_name":"Figlib","location":"","description":"","url":null,"protected":false,"followers_count":0,"friends_count":0,"listed_count":0,"created_at":"Thu Feb 16 17:21:22 +0000 2012","favourites_count":0,"utc_offset":3600,"time_zone":"Amsterdam","geo_enabled":false,"verified":false,"statuses_count":271,"lang":"fr","contributors_enabled":false,"is_translator":false,"profile_background_color":"131516","profile_background_image_url":"http:\/\/a0.twimg.com\/profile_background_images\/496094001\/mozaicc.jpg","profile_background_image_url_https":"https:\/\/si0.twimg.com\/profile_background_images\/496094001\/mozaicc.jpg","profile_background_tile":true,"profile_image_url":"http:\/\/a0.twimg.com\/profile_images\/2042298627\/mozaic_normal.png","profile_image_url_https":"https:\/\/si0.twimg.com\/profile_images\/2042298627\/mozaic_normal.png","profile_link_color":"181499","profile_sidebar_border_color":"EEEEEE","profile_sidebar_fill_color":"EFEFEF","profile_text_color":"333333","profile_use_background_image":true,"show_all_inline_media":false,"default_profile":false,"default_profile_image":false,"following":null,"follow_request_sent":null,"notifications":null},"geo":null,"coordinates":null,"place":null,"contributors":null,"retweet_count":0,"favorited":false,"retweeted":false},{"created_at":"Sat May 05 21:29:52 +0000 2012","id":198887261620801538,"id_str":"198887261620801538","text":"+33661453718 :  Votez demain","source":"\u003ca href=\"http:\/\/twittercounter.com\" rel=\"nofollow\"\u003eThe Visitor Widget\u003c\/a\u003e","truncated":false,"in_reply_to_status_id":null,"in_reply_to_status_id_str":null,"in_reply_to_user_id":null,"in_reply_to_user_id_str":null,"in_reply_to_screen_name":null,"user":{"id":494225076,"id_str":"494225076","name":"FL","screen_name":"Figlib","location":"","description":"","url":null,"protected":false,"followers_count":0,"friends_count":0,"listed_count":0,"created_at":"Thu Feb 16 17:21:22 +0000 2012","favourites_count":0,"utc_offset":3600,"time_zone":"Amsterdam","geo_enabled":false,"verified":false,"statuses_count":271,"lang":"fr","contributors_enabled":false,"is_translator":false,"profile_background_color":"131516","profile_background_image_url":"http:\/\/a0.twimg.com\/profile_background_images\/496094001\/mozaicc.jpg","profile_background_image_url_https":"https:\/\/si0.twimg.com\/profile_background_images\/496094001\/mozaicc.jpg","profile_background_tile":true,"profile_image_url":"http:\/\/a0.twimg.com\/profile_images\/2042298627\/mozaic_normal.png","profile_image_url_https":"https:\/\/si0.twimg.com\/profile_images\/2042298627\/mozaic_normal.png","profile_link_color":"181499","profile_sidebar_border_color":"EEEEEE","profile_sidebar_fill_color":"EFEFEF","profile_text_color":"333333","profile_use_background_image":true,"show_all_inline_media":false,"default_profile":false,"default_profile_image":false,"following":null,"follow_request_sent":null,"notifications":null},"geo":null,"coordinates":null,"place":null,"contributors":null,"retweet_count":0,"favorited":false,"retweeted":false},{"created_at":"Sat May 05 21:29:49 +0000 2012","id":198887245883777024,"id_str":"198887245883777024","text":"+33663691330 : Connect\u00e9e au shnaps!","source":"\u003ca href=\"http:\/\/twittercounter.com\" rel=\"nofollow\"\u003eThe Visitor Widget\u003c\/a\u003e","truncated":false,"in_reply_to_status_id":null,"in_reply_to_status_id_str":null,"in_reply_to_user_id":null,"in_reply_to_user_id_str":null,"in_reply_to_screen_name":null,"user":{"id":494225076,"id_str":"494225076","name":"FL","screen_name":"Figlib","location":"","description":"","url":null,"protected":false,"followers_count":0,"friends_count":0,"listed_count":0,"created_at":"Thu Feb 16 17:21:22 +0000 2012","favourites_count":0,"utc_offset":3600,"time_zone":"Amsterdam","geo_enabled":false,"verified":false,"statuses_count":271,"lang":"fr","contributors_enabled":false,"is_translator":false,"profile_background_color":"131516","profile_background_image_url":"http:\/\/a0.twimg.com\/profile_background_images\/496094001\/mozaicc.jpg","profile_background_image_url_https":"https:\/\/si0.twimg.com\/profile_background_images\/496094001\/mozaicc.jpg","profile_background_tile":true,"profile_image_url":"http:\/\/a0.twimg.com\/profile_images\/2042298627\/mozaic_normal.png","profile_image_url_https":"https:\/\/si0.twimg.com\/profile_images\/2042298627\/mozaic_normal.png","profile_link_color":"181499","profile_sidebar_border_color":"EEEEEE","profile_sidebar_fill_color":"EFEFEF","profile_text_color":"333333","profile_use_background_image":true,"show_all_inline_media":false,"default_profile":false,"default_profile_image":false,"following":null,"follow_request_sent":null,"notifications":null},"geo":null,"coordinates":null,"place":null,"contributors":null,"retweet_count":0,"favorited":false,"retweeted":false},{"created_at":"Sat May 05 21:29:45 +0000 2012","id":198887230058659840,"id_str":"198887230058659840","text":"+33699740451 : Moi je trouve que les gents sont trop dure en g\u00e9n\u00e9ral !","source":"\u003ca href=\"http:\/\/twittercounter.com\" rel=\"nofollow\"\u003eThe Visitor Widget\u003c\/a\u003e","truncated":false,"in_reply_to_status_id":null,"in_reply_to_status_id_str":null,"in_reply_to_user_id":null,"in_reply_to_user_id_str":null,"in_reply_to_screen_name":null,"user":{"id":494225076,"id_str":"494225076","name":"FL","screen_name":"Figlib","location":"","description":"","url":null,"protected":false,"followers_count":0,"friends_count":0,"listed_count":0,"created_at":"Thu Feb 16 17:21:22 +0000 2012","favourites_count":0,"utc_offset":3600,"time_zone":"Amsterdam","geo_enabled":false,"verified":false,"statuses_count":271,"lang":"fr","contributors_enabled":false,"is_translator":false,"profile_background_color":"131516","profile_background_image_url":"http:\/\/a0.twimg.com\/profile_background_images\/496094001\/mozaicc.jpg","profile_background_image_url_https":"https:\/\/si0.twimg.com\/profile_background_images\/496094001\/mozaicc.jpg","profile_background_tile":true,"profile_image_url":"http:\/\/a0.twimg.com\/profile_images\/2042298627\/mozaic_normal.png","profile_image_url_https":"https:\/\/si0.twimg.com\/profile_images\/2042298627\/mozaic_normal.png","profile_link_color":"181499","profile_sidebar_border_color":"EEEEEE","profile_sidebar_fill_color":"EFEFEF","profile_text_color":"333333","profile_use_background_image":true,"show_all_inline_media":false,"default_profile":false,"default_profile_image":false,"following":null,"follow_request_sent":null,"notifications":null},"geo":null,"coordinates":null,"place":null,"contributors":null,"retweet_count":0,"favorited":false,"retweeted":false},{"created_at":"Sat May 05 21:29:42 +0000 2012","id":198887215999356929,"id_str":"198887215999356929","text":"+33686423738 : Boulangerie place du ravelin,on vote le pain...","source":"\u003ca href=\"http:\/\/twittercounter.com\" rel=\"nofollow\"\u003eThe Visitor Widget\u003c\/a\u003e","truncated":false,"in_reply_to_status_id":null,"in_reply_to_status_id_str":null,"in_reply_to_user_id":null,"in_reply_to_user_id_str":null,"in_reply_to_screen_name":null,"user":{"id":494225076,"id_str":"494225076","name":"FL","screen_name":"Figlib","location":"","description":"","url":null,"protected":false,"followers_count":0,"friends_count":0,"listed_count":0,"created_at":"Thu Feb 16 17:21:22 +0000 2012","favourites_count":0,"utc_offset":3600,"time_zone":"Amsterdam","geo_enabled":false,"verified":false,"statuses_count":271,"lang":"fr","contributors_enabled":false,"is_translator":false,"profile_background_color":"131516","profile_background_image_url":"http:\/\/a0.twimg.com\/profile_background_images\/496094001\/mozaicc.jpg","profile_background_image_url_https":"https:\/\/si0.twimg.com\/profile_background_images\/496094001\/mozaicc.jpg","profile_background_tile":true,"profile_image_url":"http:\/\/a0.twimg.com\/profile_images\/2042298627\/mozaic_normal.png","profile_image_url_https":"https:\/\/si0.twimg.com\/profile_images\/2042298627\/mozaic_normal.png","profile_link_color":"181499","profile_sidebar_border_color":"EEEEEE","profile_sidebar_fill_color":"EFEFEF","profile_text_color":"333333","profile_use_background_image":true,"show_all_inline_media":false,"default_profile":false,"default_profile_image":false,"following":null,"follow_request_sent":null,"notifications":null},"geo":null,"coordinates":null,"place":null,"contributors":null,"retweet_count":0,"favorited":false,"retweeted":false},{"created_at":"Sat May 05 21:29:38 +0000 2012","id":198887199008243713,"id_str":"198887199008243713","text":"+33668985564 : Laisse toi faire! !!!!!","source":"\u003ca href=\"http:\/\/twittercounter.com\" rel=\"nofollow\"\u003eThe Visitor Widget\u003c\/a\u003e","truncated":false,"in_reply_to_status_id":null,"in_reply_to_status_id_str":null,"in_reply_to_user_id":null,"in_reply_to_user_id_str":null,"in_reply_to_screen_name":null,"user":{"id":494225076,"id_str":"494225076","name":"FL","screen_name":"Figlib","location":"","description":"","url":null,"protected":false,"followers_count":0,"friends_count":0,"listed_count":0,"created_at":"Thu Feb 16 17:21:22 +0000 2012","favourites_count":0,"utc_offset":3600,"time_zone":"Amsterdam","geo_enabled":false,"verified":false,"statuses_count":271,"lang":"fr","contributors_enabled":false,"is_translator":false,"profile_background_color":"131516","profile_background_image_url":"http:\/\/a0.twimg.com\/profile_background_images\/496094001\/mozaicc.jpg","profile_background_image_url_https":"https:\/\/si0.twimg.com\/profile_background_images\/496094001\/mozaicc.jpg","profile_background_tile":true,"profile_image_url":"http:\/\/a0.twimg.com\/profile_images\/2042298627\/mozaic_normal.png","profile_image_url_https":"https:\/\/si0.twimg.com\/profile_images\/2042298627\/mozaic_normal.png","profile_link_color":"181499","profile_sidebar_border_color":"EEEEEE","profile_sidebar_fill_color":"EFEFEF","profile_text_color":"333333","profile_use_background_image":true,"show_all_inline_media":false,"default_profile":false,"default_profile_image":false,"following":null,"follow_request_sent":null,"notifications":null},"geo":null,"coordinates":null,"place":null,"contributors":null,"retweet_count":0,"favorited":false,"retweeted":false},{"created_at":"Sat May 05 21:29:34 +0000 2012","id":198887182205849600,"id_str":"198887182205849600","text":"+33661885549 :  la musique est un language universel","source":"\u003ca href=\"http:\/\/twittercounter.com\" rel=\"nofollow\"\u003eThe Visitor Widget\u003c\/a\u003e","truncated":false,"in_reply_to_status_id":null,"in_reply_to_status_id_str":null,"in_reply_to_user_id":null,"in_reply_to_user_id_str":null,"in_reply_to_screen_name":null,"user":{"id":494225076,"id_str":"494225076","name":"FL","screen_name":"Figlib","location":"","description":"","url":null,"protected":false,"followers_count":0,"friends_count":0,"listed_count":0,"created_at":"Thu Feb 16 17:21:22 +0000 2012","favourites_count":0,"utc_offset":3600,"time_zone":"Amsterdam","geo_enabled":false,"verified":false,"statuses_count":271,"lang":"fr","contributors_enabled":false,"is_translator":false,"profile_background_color":"131516","profile_background_image_url":"http:\/\/a0.twimg.com\/profile_background_images\/496094001\/mozaicc.jpg","profile_background_image_url_https":"https:\/\/si0.twimg.com\/profile_background_images\/496094001\/mozaicc.jpg","profile_background_tile":true,"profile_image_url":"http:\/\/a0.twimg.com\/profile_images\/2042298627\/mozaic_normal.png","profile_image_url_https":"https:\/\/si0.twimg.com\/profile_images\/2042298627\/mozaic_normal.png","profile_link_color":"181499","profile_sidebar_border_color":"EEEEEE","profile_sidebar_fill_color":"EFEFEF","profile_text_color":"333333","profile_use_background_image":true,"show_all_inline_media":false,"default_profile":false,"default_profile_image":false,"following":null,"follow_request_sent":null,"notifications":null},"geo":null,"coordinates":null,"place":null,"contributors":null,"retweet_count":0,"favorited":false,"retweeted":false},{"created_at":"Sat May 05 21:29:30 +0000 2012","id":198887168645660674,"id_str":"198887168645660674","text":"+33699357900 : Love me","source":"\u003ca href=\"http:\/\/twittercounter.com\" rel=\"nofollow\"\u003eThe Visitor Widget\u003c\/a\u003e","truncated":false,"in_reply_to_status_id":null,"in_reply_to_status_id_str":null,"in_reply_to_user_id":null,"in_reply_to_user_id_str":null,"in_reply_to_screen_name":null,"user":{"id":494225076,"id_str":"494225076","name":"FL","screen_name":"Figlib","location":"","description":"","url":null,"protected":false,"followers_count":0,"friends_count":0,"listed_count":0,"created_at":"Thu Feb 16 17:21:22 +0000 2012","favourites_count":0,"utc_offset":3600,"time_zone":"Amsterdam","geo_enabled":false,"verified":false,"statuses_count":271,"lang":"fr","contributors_enabled":false,"is_translator":false,"profile_background_color":"131516","profile_background_image_url":"http:\/\/a0.twimg.com\/profile_background_images\/496094001\/mozaicc.jpg","profile_background_image_url_https":"https:\/\/si0.twimg.com\/profile_background_images\/496094001\/mozaicc.jpg","profile_background_tile":true,"profile_image_url":"http:\/\/a0.twimg.com\/profile_images\/2042298627\/mozaic_normal.png","profile_image_url_https":"https:\/\/si0.twimg.com\/profile_images\/2042298627\/mozaic_normal.png","profile_link_color":"181499","profile_sidebar_border_color":"EEEEEE","profile_sidebar_fill_color":"EFEFEF","profile_text_color":"333333","profile_use_background_image":true,"show_all_inline_media":false,"default_profile":false,"default_profile_image":false,"following":null,"follow_request_sent":null,"notifications":null},"geo":null,"coordinates":null,"place":null,"contributors":null,"retweet_count":0,"favorited":false,"retweeted":false},{"created_at":"Sat May 05 21:29:27 +0000 2012","id":198887153755881472,"id_str":"198887153755881472","text":"+33668985636 : Emma ou es tu ?","source":"\u003ca href=\"http:\/\/twittercounter.com\" rel=\"nofollow\"\u003eThe Visitor Widget\u003c\/a\u003e","truncated":false,"in_reply_to_status_id":null,"in_reply_to_status_id_str":null,"in_reply_to_user_id":null,"in_reply_to_user_id_str":null,"in_reply_to_screen_name":null,"user":{"id":494225076,"id_str":"494225076","name":"FL","screen_name":"Figlib","location":"","description":"","url":null,"protected":false,"followers_count":0,"friends_count":0,"listed_count":0,"created_at":"Thu Feb 16 17:21:22 +0000 2012","favourites_count":0,"utc_offset":3600,"time_zone":"Amsterdam","geo_enabled":false,"verified":false,"statuses_count":271,"lang":"fr","contributors_enabled":false,"is_translator":false,"profile_background_color":"131516","profile_background_image_url":"http:\/\/a0.twimg.com\/profile_background_images\/496094001\/mozaicc.jpg","profile_background_image_url_https":"https:\/\/si0.twimg.com\/profile_background_images\/496094001\/mozaicc.jpg","profile_background_tile":true,"profile_image_url":"http:\/\/a0.twimg.com\/profile_images\/2042298627\/mozaic_normal.png","profile_image_url_https":"https:\/\/si0.twimg.com\/profile_images\/2042298627\/mozaic_normal.png","profile_link_color":"181499","profile_sidebar_border_color":"EEEEEE","profile_sidebar_fill_color":"EFEFEF","profile_text_color":"333333","profile_use_background_image":true,"show_all_inline_media":false,"default_profile":false,"default_profile_image":false,"following":null,"follow_request_sent":null,"notifications":null},"geo":null,"coordinates":null,"place":null,"contributors":null,"retweet_count":0,"favorited":false,"retweeted":false},{"created_at":"Sat May 05 21:29:23 +0000 2012","id":198887137217748992,"id_str":"198887137217748992","text":"+33663070036 : Merci!","source":"\u003ca href=\"http:\/\/twittercounter.com\" rel=\"nofollow\"\u003eThe Visitor Widget\u003c\/a\u003e","truncated":false,"in_reply_to_status_id":null,"in_reply_to_status_id_str":null,"in_reply_to_user_id":null,"in_reply_to_user_id_str":null,"in_reply_to_screen_name":null,"user":{"id":494225076,"id_str":"494225076","name":"FL","screen_name":"Figlib","location":"","description":"","url":null,"protected":false,"followers_count":0,"friends_count":0,"listed_count":0,"created_at":"Thu Feb 16 17:21:22 +0000 2012","favourites_count":0,"utc_offset":3600,"time_zone":"Amsterdam","geo_enabled":false,"verified":false,"statuses_count":271,"lang":"fr","contributors_enabled":false,"is_translator":false,"profile_background_color":"131516","profile_background_image_url":"http:\/\/a0.twimg.com\/profile_background_images\/496094001\/mozaicc.jpg","profile_background_image_url_https":"https:\/\/si0.twimg.com\/profile_background_images\/496094001\/mozaicc.jpg","profile_background_tile":true,"profile_image_url":"http:\/\/a0.twimg.com\/profile_images\/2042298627\/mozaic_normal.png","profile_image_url_https":"https:\/\/si0.twimg.com\/profile_images\/2042298627\/mozaic_normal.png","profile_link_color":"181499","profile_sidebar_border_color":"EEEEEE","profile_sidebar_fill_color":"EFEFEF","profile_text_color":"333333","profile_use_background_image":true,"show_all_inline_media":false,"default_profile":false,"default_profile_image":false,"following":null,"follow_request_sent":null,"notifications":null},"geo":null,"coordinates":null,"place":null,"contributors":null,"retweet_count":0,"favorited":false,"retweeted":false},{"created_at":"Sat May 05 21:29:18 +0000 2012","id":198887118007832577,"id_str":"198887118007832577","text":"+33631168119 : Ca frougne grave !","source":"\u003ca href=\"http:\/\/twittercounter.com\" rel=\"nofollow\"\u003eThe Visitor Widget\u003c\/a\u003e","truncated":false,"in_reply_to_status_id":null,"in_reply_to_status_id_str":null,"in_reply_to_user_id":null,"in_reply_to_user_id_str":null,"in_reply_to_screen_name":null,"user":{"id":494225076,"id_str":"494225076","name":"FL","screen_name":"Figlib","location":"","description":"","url":null,"protected":false,"followers_count":0,"friends_count":0,"listed_count":0,"created_at":"Thu Feb 16 17:21:22 +0000 2012","favourites_count":0,"utc_offset":3600,"time_zone":"Amsterdam","geo_enabled":false,"verified":false,"statuses_count":271,"lang":"fr","contributors_enabled":false,"is_translator":false,"profile_background_color":"131516","profile_background_image_url":"http:\/\/a0.twimg.com\/profile_background_images\/496094001\/mozaicc.jpg","profile_background_image_url_https":"https:\/\/si0.twimg.com\/profile_background_images\/496094001\/mozaicc.jpg","profile_background_tile":true,"profile_image_url":"http:\/\/a0.twimg.com\/profile_images\/2042298627\/mozaic_normal.png","profile_image_url_https":"https:\/\/si0.twimg.com\/profile_images\/2042298627\/mozaic_normal.png","profile_link_color":"181499","profile_sidebar_border_color":"EEEEEE","profile_sidebar_fill_color":"EFEFEF","profile_text_color":"333333","profile_use_background_image":true,"show_all_inline_media":false,"default_profile":false,"default_profile_image":false,"following":null,"follow_request_sent":null,"notifications":null},"geo":null,"coordinates":null,"place":null,"contributors":null,"retweet_count":0,"favorited":false,"retweeted":false}]